{
	"credit": "Made with Blockbench",
	"texture_size": [32, 32],
	"textures": {
		"0": "cgm:items/long_scope",
		"particle": "long_scope"
	},
	"elements": [
		{
			"name": "Mount_Base",
			"from": [7.25, 7.725, 6],
			"to": [8.75, 8.225, 7.5],
			"rotation": {"angle": 0, "axis": "y", "origin": [8, 7.875, 5.3]},
			"faces": {
				"north": {"uv": [11, 10, 12.5, 10.5], "texture": "#0"},
				"east": {"uv": [8.5, 3, 10, 3.5], "texture": "#0"},
				"south": {"uv": [11, 11, 12.5, 11.5], "texture": "#0"},
				"west": {"uv": [11.5, 2, 13, 2.5], "texture": "#0"},
				"up": {"uv": [5.5, 12, 4, 10.5], "texture": "#0"},
				"down": {"uv": [7.5, 10.5, 6, 12], "texture": "#0"}
			}
		},
		{
			"name": "Mount_Bottom",
			"from": [7.501, 8.126, 6.001],
			"to": [8.499, 8.624, 7.499],
			"rotation": {"angle": 0, "axis": "y", "origin": [7.5, 7.9, 5.55]},
			"faces": {
				"north": {"uv": [8, 12, 9, 12.5], "texture": "#0"},
				"east": {"uv": [0, 12, 1.5, 12.5], "texture": "#0"},
				"south": {"uv": [12, 8, 13, 8.5], "texture": "#0"},
				"west": {"uv": [12, 0, 13.5, 0.5], "texture": "#0"},
				"up": {"uv": [11, 9.5, 10, 8], "texture": "#0"},
				"down": {"uv": [11, 10, 10, 11.5], "texture": "#0"}
			}
		},
		{
			"name": "Mount_Top",
			"from": [7.501, 10.126, 6.001],
			"to": [8.499, 10.624, 7.499],
			"rotation": {"angle": 0, "axis": "y", "origin": [8, 7.875, 5.3]},
			"faces": {
				"north": {"uv": [14, 12.5, 15, 13], "texture": "#0"},
				"east": {"uv": [13.5, 13, 14, 14.5], "rotation": 90, "texture": "#0"},
				"south": {"uv": [14, 14.5, 15, 15], "texture": "#0"},
				"west": {"uv": [15, 13, 15.5, 14.5], "rotation": 270, "texture": "#0"},
				"up": {"uv": [13.5, 14.5, 12.5, 13], "rotation": 180, "texture": "#0"},
				"down": {"uv": [15, 13, 14, 14.5], "texture": "#0"}
			}
		},
		{
			"name": "Eyepiece_Back",
			"from": [7.25, 8.625, 2.75],
			"to": [8.75, 10.125, 10.25],
			"rotation": {"angle": 0, "axis": "y", "origin": [8.375, 9.775, 7.75]},
			"faces": {
				"north": {"uv": [10, 6, 11.5, 7.5], "texture": "#0"},
				"east": {"uv": [0, 0, 7.5, 1.5], "texture": "#0"},
				"south": {"uv": [8, 10, 9.5, 11.5], "texture": "#0"},
				"west": {"uv": [0, 2, 7.5, 3.5], "texture": "#0"},
				"up": {"uv": [1.5, 11.5, 0, 4], "texture": "#0"},
				"down": {"uv": [3.5, 4, 2, 11.5], "texture": "#0"}
			}
		},
		{
			"name": "Eyepiece_Front",
			"from": [6.75, 8.125, 2.75],
			"to": [9.25, 10.625, 5.75],
			"rotation": {"angle": 0, "axis": "y", "origin": [7.975, 9.775, 8.85]},
			"faces": {
				"north": {"uv": [8, 0, 10.5, 2.5], "texture": "#0"},
				"east": {"uv": [4, 4, 7, 6.5], "texture": "#0"},
				"south": {"uv": [10, 3, 12.5, 5.5], "texture": "#0"},
				"west": {"uv": [4, 7, 7, 9.5], "texture": "#0"},
				"up": {"uv": [9.5, 7, 7, 4], "texture": "#0"},
				"down": {"uv": [9.5, 7, 7, 10], "texture": "#0"}
			}
		},
		{
			"name": "Detail",
			"from": [7.25, 10.625, 2.75],
			"to": [8.75, 11.125, 3.25],
			"rotation": {"angle": 0, "axis": "y", "origin": [6.75, -2.375, 2.75]},
			"faces": {
				"north": {"uv": [4, 12, 5.5, 12.5], "texture": "#0"},
				"east": {"uv": [10, 12, 10.5, 12.5], "texture": "#0"},
				"south": {"uv": [6, 12, 7.5, 12.5], "texture": "#0"},
				"west": {"uv": [11, 12, 11.5, 12.5], "texture": "#0"},
				"up": {"uv": [13.5, 6.5, 12, 6], "texture": "#0"},
				"down": {"uv": [13.5, 7, 12, 7.5], "texture": "#0"}
			}
		},
		{
			"name": "End_Bottom",
			"from": [7.25, 8.125, 2.25],
			"to": [8.75, 8.625, 2.75],
			"rotation": {"angle": 0, "axis": "y", "origin": [8.75, 2.125, 2.25]},
			"faces": {
				"north": {"uv": [0.5, 13.5, 2, 14], "texture": "#0"},
				"east": {"uv": [0, 13.5, 0.5, 14], "texture": "#0"},
				"south": {"uv": [0.5, 14, 2, 14.5], "texture": "#0"},
				"west": {"uv": [2, 13.5, 2.5, 14], "texture": "#0"},
				"up": {"uv": [0.5, 13, 2, 13.5], "texture": "#0"},
				"down": {"uv": [0.5, 14.5, 2, 15], "texture": "#0"}
			}
		},
		{
			"name": "End_Top",
			"from": [7.25, 10.125, 2.25],
			"to": [8.75, 10.625, 2.75],
			"rotation": {"angle": 0, "axis": "y", "origin": [8.75, 2.125, 2.25]},
			"faces": {
				"north": {"uv": [3.5, 13, 5, 13.5], "texture": "#0"},
				"east": {"uv": [5, 13.5, 5.5, 14], "texture": "#0"},
				"south": {"uv": [3.5, 14, 5, 14.5], "texture": "#0"},
				"west": {"uv": [3, 13.5, 3.5, 14], "texture": "#0"},
				"up": {"uv": [3.5, 13.5, 5, 14], "texture": "#0"},
				"down": {"uv": [3.5, 14.5, 5, 15], "texture": "#0"}
			}
		},
		{
			"name": "End_Left",
			"from": [6.75, 8.125, 2.25],
			"to": [7.25, 10.625, 2.75],
			"rotation": {"angle": 0, "axis": "y", "origin": [8.75, 2.125, 2.25]},
			"faces": {
				"north": {"uv": [7, 13, 7.5, 15.5], "texture": "#0"},
				"east": {"uv": [7.5, 13, 8, 15.5], "texture": "#0"},
				"south": {"uv": [6, 13, 6.5, 15.5], "texture": "#0"},
				"west": {"uv": [6.5, 13, 7, 15.5], "texture": "#0"},
				"up": {"uv": [7, 12.5, 7.5, 13], "texture": "#0"},
				"down": {"uv": [7, 15.5, 7.5, 16], "texture": "#0"}
			}
		},
		{
			"name": "End_Right",
			"from": [8.75, 8.125, 2.25],
			"to": [9.25, 10.625, 2.75],
			"rotation": {"angle": 0, "axis": "y", "origin": [8.75, 2.125, 2.25]},
			"faces": {
				"north": {"uv": [9.5, 13, 10, 15.5], "texture": "#0"},
				"east": {"uv": [10, 13, 10.5, 15.5], "texture": "#0"},
				"south": {"uv": [8.5, 13, 9, 15.5], "texture": "#0"},
				"west": {"uv": [9, 13, 9.5, 15.5], "texture": "#0"},
				"up": {"uv": [9.5, 12.5, 10, 13], "texture": "#0"},
				"down": {"uv": [9.5, 15.5, 10, 16], "texture": "#0"}
			}
		},
		{
			"name": "Dot",
			"from": [7.95, 9.325, 2.775],
			"to": [8.05, 9.425, 2.775],
			"rotation": {"angle": 0, "axis": "y", "origin": [9.925, -2.375, 7.65]},
			"faces": {
				"north": {"uv": [2.125, 3.625, 2.25, 3.75], "texture": "#0"},
				"east": {"uv": [1, 3.625, 1, 3.875], "texture": "#0"},
				"south": {"uv": [11, 14, 11.5, 14.5], "texture": "#0"},
				"west": {"uv": [1.125, 3.625, 1.125, 3.875], "texture": "#0"},
				"up": {"uv": [2, 3.625, 1.75, 3.625], "texture": "#0"},
				"down": {"uv": [1.5, 3.75, 1.25, 3.75], "texture": "#0"}
			}
		}
	],
	"gui_light": "front",
	"display": {
		"thirdperson_righthand": {
			"translation": [0, -0.5, 0],
			"scale": [1.5, 1.5, 1.5]
		},
		"firstperson_righthand": {
			"rotation": [-41, 0, 0],
			"translation": [-4.25, 4.25, 6.5]
		},
		"ground": {
			"translation": [0, -3, 0],
			"scale": [1.5, 1.5, 1.5]
		},
		"gui": {
			"rotation": [30, 225, 0],
			"translation": [-2.5, -1.75, 0],
			"scale": [2.5, 2.5, 2.5]
		},
		"head": {
			"rotation": [90, 0, 0],
			"translation": [0, 0, -16],
			"scale": [1.6, 1.6, 1.6]
		},
		"fixed": {
			"rotation": [0, 90, 0],
			"translation": [-0.25, -3.5, -2.5],
			"scale": [3, 3, 3]
		}
	},
	"groups": [
		{
			"name": "long_scope",
			"origin": [8, 8, 8],
			"color": 0,
			"children": [0, 1, 2, 3, 4, 5, 6, 7, 8, 9, 10]
		}
	]
}