{
	"credit": "Made with Blockbench",
	"texture_size": [8, 8],
	"textures": {
		"0": "cgm:items/medium_scope",
		"particle": "medium_scope"
	},
	"elements": [
		{
			"name": "Mount_Bottom",
			"from": [7.501, 8.376, 6.051],
			"to": [8.499, 8.874, 8.099],
			"rotation": {"angle": 0, "axis": "y", "origin": [8, 9.525, 7.4]},
			"faces": {
				"north": {"uv": [5, 3, 6, 3.5], "texture": "#0"},
				"east": {"uv": [8, 8, 10, 8.5], "texture": "#0"},
				"south": {"uv": [7, 2, 8, 2.5], "texture": "#0"},
				"west": {"uv": [0, 9, 2, 9.5], "texture": "#0"},
				"up": {"uv": [7, 9, 6, 7], "texture": "#0"},
				"down": {"uv": [8, 7, 7, 9], "texture": "#0"}
			}
		},
		{
			"name": "Mount_Bottom",
			"from": [7.501, 10.376, 6.051],
			"to": [8.499, 10.874, 8.099],
			"rotation": {"angle": 0, "axis": "y", "origin": [8, 9.525, 7.4]},
			"faces": {
				"north": {"uv": [7, 9, 8, 9.5], "texture": "#0"},
				"east": {"uv": [9, 0, 11, 0.5], "texture": "#0"},
				"south": {"uv": [8, 9, 9, 9.5], "texture": "#0"},
				"west": {"uv": [9, 1, 11, 1.5], "texture": "#0"},
				"up": {"uv": [9, 4, 8, 2], "texture": "#0"},
				"down": {"uv": [9, 4, 8, 6], "texture": "#0"}
			}
		},
		{
			"name": "Mount_Base",
			"from": [7.249, 7.974, 5.099],
			"to": [8.751, 8.476, 8.101],
			"rotation": {"angle": 0, "axis": "y", "origin": [8, 8.125, 5.85]},
			"faces": {
				"north": {"uv": [2, 9, 3.5, 9.5], "texture": "#0"},
				"east": {"uv": [8, 6, 11, 6.5], "texture": "#0"},
				"south": {"uv": [9, 2, 10.5, 2.5], "texture": "#0"},
				"west": {"uv": [8, 7, 11, 7.5], "texture": "#0"},
				"up": {"uv": [5.5, 7, 4, 4], "texture": "#0"},
				"down": {"uv": [6.5, 0, 5, 3], "texture": "#0"}
			}
		},
		{
			"name": "Scope",
			"from": [7.25, 8.875, 5.05],
			"to": [8.75, 10.375, 9.55],
			"rotation": {"angle": 0, "axis": "y", "origin": [8.375, 10.025, 6.8]},
			"faces": {
				"north": {"uv": [6, 3, 7.5, 4.5], "texture": "#0"},
				"east": {"uv": [0, 0, 4.5, 1.5], "texture": "#0"},
				"south": {"uv": [6, 5, 7.5, 6.5], "texture": "#0"},
				"west": {"uv": [0, 2, 4.5, 3.5], "texture": "#0"},
				"up": {"uv": [1.5, 8.5, 0, 4], "texture": "#0"},
				"down": {"uv": [3.5, 4, 2, 8.5], "texture": "#0"}
			}
		},
		{
			"name": "Scope_Front",
			"from": [7.25, 8.875, 4.55],
			"to": [8.75, 10.375, 5.05],
			"rotation": {"angle": 0, "axis": "y", "origin": [8.375, 10.025, 7.3]},
			"faces": {
				"north": {"uv": [7, 0, 8.5, 1.5], "texture": "#0"},
				"east": {"uv": [9, 3, 9.5, 4.5], "texture": "#0"},
				"south": {"uv": [4, 7, 5.5, 8.5], "texture": "#0"},
				"west": {"uv": [4, 9, 4.5, 10.5], "texture": "#0"},
				"up": {"uv": [6.5, 9.5, 5, 9], "texture": "#0"},
				"down": {"uv": [10.5, 5, 9, 5.5], "texture": "#0"}
			}
		},
		{
			"name": "Dot",
			"from": [7.95, 9.575, 5.075],
			"to": [8.05, 9.675, 5.075],
			"rotation": {"angle": 0, "axis": "y", "origin": [8.65, -0.825, 6.975]},
			"faces": {
				"north": {"uv": [6.5, 12.5, 7, 13], "texture": "#0"},
				"east": {"uv": [4, 12.5, 4, 13.5], "texture": "#0"},
				"south": {"uv": [9.5, 9, 10, 9.5], "texture": "#0"},
				"west": {"uv": [4.5, 12.5, 4.5, 13.5], "texture": "#0"},
				"up": {"uv": [6, 12.5, 5, 12.5], "texture": "#0"},
				"down": {"uv": [6, 13, 5, 13], "texture": "#0"}
			}
		}
	],
	"display": {
		"thirdperson_righthand": {
			"rotation": [15, 0, 0],
			"translation": [0, -0.25, 0],
			"scale": [1.5, 1.5, 1.5]
		},
		"firstperson_righthand": {
			"translation": [-2.5, 3.5, 3],
			"scale": [1.5, 1.5, 1.5]
		},
		"ground": {
			"translation": [0, -3, 0],
			"scale": [2, 2, 2]
		},
		"gui": {
			"rotation": [30, 225, 0],
			"translation": [-1.25, -3.5, 0],
			"scale": [3, 3, 3]
		},
		"fixed": {
			"rotation": [0, 90, 0],
			"translation": [0, -3.75, -2],
			"scale": [3, 3, 3]
		}
	},
	"groups": [
		{
			"name": "medium_scope",
			"origin": [8, 8, 8],
			"color": 0,
			"children": [0, 1, 2, 3, 4, 5]
		}
	]
}